{"cameraMode":{"drawMode":0,"name":"Shaded","section":"Shading Mode"},"sceneLighting":false,"audioPlay":false,"sceneViewState":{"showFog":true,"showMaterialUpdate":false,"showSkybox":true,"showFlares":true,"showImageEffects":true,"showParticleSystems":true},"in2DMode":false,"pivot":{"x":-0.7115018367767334,"y":0.5248991250991821,"z":0.7638012766838074},"rotation":{"x":-0.02280767448246479,"y":-0.009894750081002713,"z":0.0002983961021527648,"w":-0.9997369050979614},"size":22.0,"orthographic":false}