{"cameraMode":{"drawMode":0,"name":"Shaded","section":"Shading Mode"},"sceneLighting":true,"audioPlay":false,"sceneViewState":{"showFog":true,"showMaterialUpdate":false,"showSkybox":true,"showFlares":true,"showImageEffects":true,"showParticleSystems":true},"in2DMode":false,"pivot":{"x":3.818157911300659,"y":-4.410844802856445,"z":0.14180247485637666},"rotation":{"x":-0.4761124551296234,"y":0.3850320875644684,"z":-0.24368441104888917,"w":-0.7521649599075317},"size":13.010419845581055,"orthographic":false}