{"cameraMode":{"drawMode":0,"name":"Shaded","section":"Shading Mode"},"sceneLighting":false,"audioPlay":false,"sceneViewState":{"showFog":true,"showMaterialUpdate":false,"showSkybox":true,"showFlares":true,"showImageEffects":true,"showParticleSystems":true},"in2DMode":false,"pivot":{"x":1.100000023841858,"y":0.9100000262260437,"z":-3.7300000190734865},"rotation":{"x":-0.44057413935661318,"y":-0.4981418251991272,"z":0.3271126449108124,"w":-0.671463668346405},"size":1.0104146003723145,"orthographic":false}