{"cameraMode":{"drawMode":0,"name":"Shaded","section":"Shading Mode"},"sceneLighting":false,"audioPlay":false,"sceneViewState":{"showFog":true,"showMaterialUpdate":false,"showSkybox":true,"showFlares":true,"showImageEffects":true,"showParticleSystems":true},"in2DMode":false,"pivot":{"x":567.0000610351563,"y":413.0,"z":-1.1175870895385742e-7},"rotation":{"x":-0.09758064150810242,"y":-0.0381755568087101,"z":0.003950412850826979,"w":-0.9945513010025024},"size":891.2735595703125,"orthographic":false}