{"cameraMode":{"drawMode":0,"name":"Shaded","section":"Shading Mode"},"sceneLighting":true,"audioPlay":false,"sceneViewState":{"showFog":true,"showMaterialUpdate":false,"showSkybox":true,"showFlares":true,"showImageEffects":true,"showParticleSystems":true},"in2DMode":false,"pivot":{"x":0.0,"y":0.8040000200271606,"z":-1.9709999561309815},"rotation":{"x":-0.20309706032276154,"y":0.27682480216026308,"z":-0.05976993963122368,"w":-0.9373757839202881},"size":3.5431628227233888,"orthographic":false}