{"cameraMode":{"drawMode":0,"name":"Shaded","section":"Shading Mode"},"sceneLighting":false,"audioPlay":false,"sceneViewState":{"showFog":true,"showMaterialUpdate":false,"showSkybox":true,"showFlares":true,"showImageEffects":true,"showParticleSystems":true},"in2DMode":false,"pivot":{"x":0.0,"y":1.0709999799728394,"z":-5.728000164031982},"rotation":{"x":-0.24929389357566834,"y":0.05139683187007904,"z":-0.01323904749006033,"w":-0.9669895172119141},"size":0.7144709229469299,"orthographic":false}